"Shop Name","Status","Priority","Address","City","State","Shop Type","Phone","Website","Email","Instagram","Notes","Contact Date","Contact Method","Follow Up Date","Contact Person","Owner Name","Referral","Product Interest","Follow Up Event Link","Visit Date","Outcome","Sales Process Notes","Latitude","Longitude","Status Updated By","Status Updated Date"
"The Love of Ganesha","Partnered","Existing Partner","1700 Haight St","San Francisco","CA","Metaphysical/Spiritual","","","","","ACCEPTED - Bought outright (no consignment). Successful model - prefer outright purchase over consignment.","","","","","","","","","","Accepted - outright purchase","","37.7697069","-122.4504399","",""
"Kiki's Cocoa","Partnered","Existing Partner","1423 Hayes St","San Francisco","CA","Boutique Chocolate","","","","","Already a partner - ethically-sourced, single-origin","","","","","","","","","","","","37.7746386","-122.4398332","",""
"Green Gulch Zen Monastery","Partnered","Existing Partner","1601 Shoreline Highway","Muir Beach","CA","Spiritual/Zen Center","","","","","Partner - Buddhist practice center with organic farm and gardens","","","","","","","","","","","","37.866403","-122.565318","",""
"HackerDojo","Partnered","Existing Partner","855 Maude Ave","Mountain View","CA","Tech Community / Coworking","","","","","Partner - Collaborative hackerspace and tech community center","","","","","","","","","","","","37.3962356","-122.0491779","",""
"Miss Tomato Sandwiches and liquor","Partnered","Existing Partner","199 87th St","Daly City","CA","Restaurant/Liquor","","","","","Partner - Sandwiches and liquor","","","","","","","","","","","","37.693173","-122.472086","",""
"The Ponderosa","Partnered","Existing Partner","Slab City","Niland","CA","Unique/Lifestyle","","","","","Already a partner - off-grid, sustainability focus. Check if they want additional products.","","","","","","","","","","","","33.2464681","-115.4770366","",""
"East West Bookshop","Rejected","High","324 Castro St","Mountain View","CA","Metaphysical/Spiritual","","","","","REJECTED - Doesn't like consignment + needs 100% markup. Issue is pricing structure, not venue fit. Need to offer outright purchase + calculate wholesale price that allows 100% markup.","","","","","","","","","","Rejected - pricing/markup issue","","37.3922318","-122.080127","",""
"Infinity Coven","Contacted","High","447 Stockton St","San Francisco","CA","Metaphysical/Spiritual","(650) 420-5932","","admin@InfinityCoven.com","","Witchy boutique with spells, herbs, books, and community workshops near Union Square. Strong magic/empowerment focus—excellent prospect for ceremonial cacao placement.","","","","","","","","","","","[11/8/2025 14:55:58 | MIIBIjANBgkqhkiG9w0BAQEFAAOCAQ8AMIIBCgKCAQEAyC5HgVLODmtFQZiM91XKoZTPuaaOW8EWPf6Sv+0a74Ji7cSAjZEsYbHSKbg6k2qb8gWzxX3KuDZVTgjytbeM/P40k6b5Px3PcBbNXmMzznxG6UaiskP8dGp/bZMmygXFq9MbQ9vsGJ9AS2XtngSlJ9BEMxZo4/fKvxco+8fGTt02BIyqhJQ2KW/jHro0W8/nyhtY/2KcOKWjedt1MqVWMzKotXpPFVPfimAmsRqdFHKlyGzlTPALF1iBA7Zee1zfxeZWHYegADhTivp0Xf3gytcSZcAwGGRbOuCS69NT6G4P5YiZ/lw4a1DM1b22I0TY92dMlEI7wOQNmi0I2+iFpQIDAQAB] Infinity Coven
447 Stockton St
San Francisco, California 94108
(650) 420-5932
admin@InfinityCoven.com

[2025-11-08T16:13:51+00:00 | MIIBIjANBgkqhkiG9w0BAQEFAAOCAQ8AMIIBCgKCAQEA1y5wLWcmZJ9qWdvJl7yoGj1wxR8fjxZVezo9IkwodBEZ6q2tIyKIpk8XyEokycPQ/M9ZocYr57manzU53Zh+V1DnvUnvHZpgSvPSw/wnBKuXNxg+1uy8h10X+2iBXsJBoK5cM20q1RxsGH4GBsDvPzLervRQVZPe12ht/VPVd0PbYPUBVVfs8q2KlaWrq7ZH4cJ0FHB1Km0cjgYs2rps0AgsyKseb8jCkQ788VFZwePZZzMRA6OXHCIuVFxbnAPZlNvckCFz+b2oM132aYaqgbkk2IgAbShxUuEwuv6yb2mQapsavUUShxMK8AHmyJ39v5lQ2xiTQTougTwTG5MzYwIDAQAB] Contacted via email","37.7528109","-122.388333","MIIBIjANBgkqhkiG9w0BAQEFAAOCAQ8AMIIBCgKCAQEA1y5wLWcmZJ9qWdvJl7yoGj1wxR8fjxZVezo9IkwodBEZ6q2tIyKIpk8XyEokycPQ/M9ZocYr57manzU53Zh+V1DnvUnvHZpgSvPSw/wnBKuXNxg+1uy8h10X+2iBXsJBoK5cM20q1RxsGH4GBsDvPzLervRQVZPe12ht/VPVd0PbYPUBVVfs8q2KlaWrq7ZH4cJ0FHB1Km0cjgYs2rps0AgsyKseb8jCkQ788VFZwePZZzMRA6OXHCIuVFxbnAPZlNvckCFz+b2oM132aYaqgbkk2IgAbShxUuEwuv6yb2mQapsavUUShxMK8AHmyJ39v5lQ2xiTQTougTwTG5MzYwIDAQAB","11/8/2025"
"Paxton Gate","Not Appropriate","Medium","824 Valencia St","San Francisco","CA","Curiosity Shop","","","","","Curiosity shop blending natural history with metaphysical items (minerals, taxidermy, oddities). Eclectic bohemian vibe. Potential for cacao as unique regenerative addition.","","","","","","","","","","","","37.7596367","-122.4216659","MIIBIjANBgkqhkiG9w0BAQEFAAOCAQ8AMIIBCgKCAQEA1y5wLWcmZJ9qWdvJl7yoGj1wxR8fjxZVezo9IkwodBEZ6q2tIyKIpk8XyEokycPQ/M9ZocYr57manzU53Zh+V1DnvUnvHZpgSvPSw/wnBKuXNxg+1uy8h10X+2iBXsJBoK5cM20q1RxsGH4GBsDvPzLervRQVZPe12ht/VPVd0PbYPUBVVfs8q2KlaWrq7ZH4cJ0FHB1Km0cjgYs2rps0AgsyKseb8jCkQ788VFZwePZZzMRA6OXHCIuVFxbnAPZlNvckCFz+b2oM132aYaqgbkk2IgAbShxUuEwuv6yb2mQapsavUUShxMK8AHmyJ39v5lQ2xiTQTougTwTG5MzYwIDAQAB","11/8/2025"
"7 Rays Holistic Center","Research","High","3035 El Camino Real","Palo Alto","CA","Wellness Center","","","","","Offers reiki, crystal healing, metaphysical products (tarot, sacred geometry). Focus on energy work and personal growth. Suitable for cacao as ceremonial enhancement.","","","","","","","","","","","","37.421713","-122.1398505","",""
"iChakras Smart Healing Center","Manager Follow-up","High","398 Main St","Los Altos","CA","Wellness Center","(650) 797-8077","https://www.ichakras.com/","meditate@ichakras.com","","Smart meditation center with metaphysical shop, wellness services, chakra balancing, holistic healing, sound baths, and meditation classes. Open Tue-Sat 12pm-7pm.","2025-11-07","Drop-off","","Chloe (staff)","Crystal","","Retail cacao display (5 bags on consignment)","","2025-11-07","","Dropped off five sample bags with Chloe (staff). Crystal was busy; Chloe will check if they can display the cacao. If not a fit, plan to retrieve the bags. Assume-close approach seemed welcome.","37.3779829","-122.1177077","",""
"Ancient Ways","Manager Follow-up","High","4075 Telegraph Ave","Oakland","CA","Metaphysical/Spiritual","(510) 653-3244","https://www.ancientways.com/","","","Pagan and metaphysical store with herbs, candles, books, ritual supplies, bulk herbs, oils, stones, incense, and readings. Serving Oakland's spiritual community for over 30 years. Community-oriented events and ancient traditions. Open 11am-7pm daily (closed Christmas and New Year's Day).","2025-11-05","In-person","2025-11-12 11:30-12:00","Don (staff)","Sue","Don","","https://www.google.com/calendar/event?eid=ZnViMTc5NTdjZmY1NWE1NmMwMGI2NDYwYmVmMmNhYmI5MzAwMGQ2NmFiIGdhcnlqb2JAYWdyb3ZlcnNlLnNob3A","","","Met with Don (staff). Buyer Sue unavailable; call next Wednesday between 11:30am-12pm.","37.829871","-122.2644831","",""
"Amethyst House","Rejected","High","1639 Meridian Ave","San Jose","CA","Wellness Center","(408) 933-9181","https://www.amethysthousehealing.com/","","","Boutique wellness studio with healing services (Reiki, Coaching, Sound Therapy), boutique with curated tools and gifts. Open Tue-Thu 10am-5pm, Fri 10am-7pm, by appointment other days. Focus on complementary and preventative care.","2025-11-05","Contact form","","","","","","","","","","37.2928292","-121.9138594","",""
"Saia Holistic","Manager Follow-up","High","1645 S Bascom Ave #9","Campbell","CA","Wellness Center","(669) 223-8955","https://saiawholistic.com/","monnaa@saiawholistic.com","","Holistic wellness center. Check website for services and retail offerings.","2025-11-05","Email","","","","","","","","","","37.2935556","-121.932519","",""
"Mystic Flora Apothecary","Manager Follow-up","Medium","1501 El Camino Real Suite F","San Mateo","CA","Metaphysical/Spiritual","(650) 622-4264","https://www.mysticflora.com/","","https://www.instagram.com/mysticflora_apothecary/","Animistic, transcultural apothecary offering teas, ritual tools, community practitioner services, and a self-service tea house. Confirm cacao wholesale fit and scheduling interests.","2025-11-10","In Person","","Astrid","Regina","Astrid","","","","","[11/10/2025 15:29:45 | MIIBIjANBgkqhkiG9w0BAQEFAAOCAQ8AMIIBCgKCAQEA1y5wLWcmZJ9qWdvJl7yoGj1wxR8fjxZVezo9IkwodBEZ6q2tIyKIpk8XyEokycPQ/M9ZocYr57manzU53Zh+V1DnvUnvHZpgSvPSw/wnBKuXNxg+1uy8h10X+2iBXsJBoK5cM20q1RxsGH4GBsDvPzLervRQVZPe12ht/VPVd0PbYPUBVVfs8q2KlaWrq7ZH4cJ0FHB1Km0cjgYs2rps0AgsyKseb8jCkQ788VFZwePZZzMRA6OXHCIuVFxbnAPZlNvckCFz+b2oM132aYaqgbkk2IgAbShxUuEwuv6yb2mQapsavUUShxMK8AHmyJ39v5lQ2xiTQTougTwTG5MzYwIDAQAB] Astrid mentioned to reach out to Regina, the owner of the store fire Instagram","37.5164","-122.2931","MIIBIjANBgkqhkiG9w0BAQEFAAOCAQ8AMIIBCgKCAQEA1y5wLWcmZJ9qWdvJl7yoGj1wxR8fjxZVezo9IkwodBEZ6q2tIyKIpk8XyEokycPQ/M9ZocYr57manzU53Zh+V1DnvUnvHZpgSvPSw/wnBKuXNxg+1uy8h10X+2iBXsJBoK5cM20q1RxsGH4GBsDvPzLervRQVZPe12ht/VPVd0PbYPUBVVfs8q2KlaWrq7ZH4cJ0FHB1Km0cjgYs2rps0AgsyKseb8jCkQ788VFZwePZZzMRA6OXHCIuVFxbnAPZlNvckCFz+b2oM132aYaqgbkk2IgAbShxUuEwuv6yb2mQapsavUUShxMK8AHmyJ39v5lQ2xiTQTougTwTG5MzYwIDAQAB","2025-11-11T00:57:51.202206+00:00"
"Tokenz","Rejected","Medium","530 Main St","Half Moon Bay","CA","Metaphysical/Spiritual","(650) 712-8457","https://www.tokenzhmb.com/","","","Long-running Half Moon Bay boutique (est. 1982) with global imports: masks, statuary, gemstones, incense, bells, gongs, sarongs. Confirm cacao alignment and wholesale interest.","","","","","","","","","","","[2025-11-08T16:16:56+00:00 | MIIBIjANBgkqhkiG9w0BAQEFAAOCAQ8AMIIBCgKCAQEA1y5wLWcmZJ9qWdvJl7yoGj1wxR8fjxZVezo9IkwodBEZ6q2tIyKIpk8XyEokycPQ/M9ZocYr57manzU53Zh+V1DnvUnvHZpgSvPSw/wnBKuXNxg+1uy8h10X+2iBXsJBoK5cM20q1RxsGH4GBsDvPzLervRQVZPe12ht/VPVd0PbYPUBVVfs8q2KlaWrq7ZH4cJ0FHB1Km0cjgYs2rps0AgsyKseb8jCkQ788VFZwePZZzMRA6OXHCIuVFxbnAPZlNvckCFz+b2oM132aYaqgbkk2IgAbShxUuEwuv6yb2mQapsavUUShxMK8AHmyJ39v5lQ2xiTQTougTwTG5MzYwIDAQAB] I contacted them through their website
More

530 Main St. 
Half Moon Bay, CA 94019","37.4630927","-122.4295534","MIIBIjANBgkqhkiG9w0BAQEFAAOCAQ8AMIIBCgKCAQEA1y5wLWcmZJ9qWdvJl7yoGj1wxR8fjxZVezo9IkwodBEZ6q2tIyKIpk8XyEokycPQ/M9ZocYr57manzU53Zh+V1DnvUnvHZpgSvPSw/wnBKuXNxg+1uy8h10X+2iBXsJBoK5cM20q1RxsGH4GBsDvPzLervRQVZPe12ht/VPVd0PbYPUBVVfs8q2KlaWrq7ZH4cJ0FHB1Km0cjgYs2rps0AgsyKseb8jCkQ788VFZwePZZzMRA6OXHCIuVFxbnAPZlNvckCFz+b2oM132aYaqgbkk2IgAbShxUuEwuv6yb2mQapsavUUShxMK8AHmyJ39v5lQ2xiTQTougTwTG5MzYwIDAQAB","11/11/2025"
"Garden Apothecary","Not Appropriate","Medium","601 Main St","Half Moon Bay","CA","Metaphysical/Spiritual","","https://gardenapothecary.com/","shop@gardenapothecary.com","","Botanist-formulated skincare/tea apothecary in downtown Half Moon Bay. Organic, small-batch wellness products with in-store workshops and teas. Confirm ceremonial cacao alignment and wholesale options.","","","","","","","","","","","[2025-11-08T15:20:18+00:00 | MIIBIjANBgkqhkiG9w0BAQEFAAOCAQ8AMIIBCgKCAQEAyC5HgVLODmtFQZiM91XKoZTPuaaOW8EWPf6Sv+0a74Ji7cSAjZEsYbHSKbg6k2qb8gWzxX3KuDZVTgjytbeM/P40k6b5Px3PcBbNXmMzznxG6UaiskP8dGp/bZMmygXFq9MbQ9vsGJ9AS2XtngSlJ9BEMxZo4/fKvxco+8fGTt02BIyqhJQ2KW/jHro0W8/nyhtY/2KcOKWjedt1MqVWMzKotXpPFVPfimAmsRqdFHKlyGzlTPALF1iBA7Zee1zfxeZWHYegADhTivp0Xf3gytcSZcAwGGRbOuCS69NT6G4P5YiZ/lw4a1DM1b22I0TY92dMlEI7wOQNmi0I2+iFpQIDAQAB] http://www.gardenapothecary.com/
Feel free to email us at shop@gardenapothecary.com 

https://www.instagram.com/gardenapothecary
https://www.facebook.com/gardenapothecary/#

[2025-11-08T16:19:45+00:00 | MIIBIjANBgkqhkiG9w0BAQEFAAOCAQ8AMIIBCgKCAQEA1y5wLWcmZJ9qWdvJl7yoGj1wxR8fjxZVezo9IkwodBEZ6q2tIyKIpk8XyEokycPQ/M9ZocYr57manzU53Zh+V1DnvUnvHZpgSvPSw/wnBKuXNxg+1uy8h10X+2iBXsJBoK5cM20q1RxsGH4GBsDvPzLervRQVZPe12ht/VPVd0PbYPUBVVfs8q2KlaWrq7ZH4cJ0FHB1Km0cjgYs2rps0AgsyKseb8jCkQ788VFZwePZZzMRA6OXHCIuVFxbnAPZlNvckCFz+b2oM132aYaqgbkk2IgAbShxUuEwuv6yb2mQapsavUUShxMK8AHmyJ39v5lQ2xiTQTougTwTG5MzYwIDAQAB] Contacted them via email

[11/10/2025 16:11:52 | MIIBIjANBgkqhkiG9w0BAQEFAAOCAQ8AMIIBCgKCAQEA1y5wLWcmZJ9qWdvJl7yoGj1wxR8fjxZVezo9IkwodBEZ6q2tIyKIpk8XyEokycPQ/M9ZocYr57manzU53Zh+V1DnvUnvHZpgSvPSw/wnBKuXNxg+1uy8h10X+2iBXsJBoK5cM20q1RxsGH4GBsDvPzLervRQVZPe12ht/VPVd0PbYPUBVVfs8q2KlaWrq7ZH4cJ0FHB1Km0cjgYs2rps0AgsyKseb8jCkQ788VFZwePZZzMRA6OXHCIuVFxbnAPZlNvckCFz+b2oM132aYaqgbkk2IgAbShxUuEwuv6yb2mQapsavUUShxMK8AHmyJ39v5lQ2xiTQTougTwTG5MzYwIDAQAB] Literally a garden. Wasn’t obvious in google maps","37.462492","-122.429303","MIIBIjANBgkqhkiG9w0BAQEFAAOCAQ8AMIIBCgKCAQEA1y5wLWcmZJ9qWdvJl7yoGj1wxR8fjxZVezo9IkwodBEZ6q2tIyKIpk8XyEokycPQ/M9ZocYr57manzU53Zh+V1DnvUnvHZpgSvPSw/wnBKuXNxg+1uy8h10X+2iBXsJBoK5cM20q1RxsGH4GBsDvPzLervRQVZPe12ht/VPVd0PbYPUBVVfs8q2KlaWrq7ZH4cJ0FHB1Km0cjgYs2rps0AgsyKseb8jCkQ788VFZwePZZzMRA6OXHCIuVFxbnAPZlNvckCFz+b2oM132aYaqgbkk2IgAbShxUuEwuv6yb2mQapsavUUShxMK8AHmyJ39v5lQ2xiTQTougTwTG5MzYwIDAQAB","2025-11-11T00:57:51.202206+00:00"
"Go Ask Alice","Manager Follow-up","Medium","1125 Pacific Ave","Santa Cruz","CA","Metaphysical/Spiritual","(831) 469-4372","https://www.goaskalicesantacruz.com/","info@goaskalice.org","","Herbal apothecary and ritual boutique (teas, elixirs, tarot/oracle, decor) open daily 11am-8pm. In-store services include tarot and astrology readings (schedule via practitioners). Verify interest in ceremonial cacao and wholesale options.

[2025-11-12T01:02:51+00:00] Nicolina replied via email requesting more information and is interested in stocking the line.","2025-11-11","Email follow-up","2025-11-14 11:00","Nicolina (Owner)","","","","https://www.google.com/calendar/event?eid=ZnVlZmNlMzg0N2MyYzg0MTlkNTA0YzhiOGZiMWFmZDE4MGEwNzFjNmVkIGdhcnlqb2JAYWdyb3ZlcnNlLnNob3A","","","[2025-11-08T16:22:33+00:00 | MIIBIjANBgkqhkiG9w0BAQEFAAOCAQ8AMIIBCgKCAQEA1y5wLWcmZJ9qWdvJl7yoGj1wxR8fjxZVezo9IkwodBEZ6q2tIyKIpk8XyEokycPQ/M9ZocYr57manzU53Zh+V1DnvUnvHZpgSvPSw/wnBKuXNxg+1uy8h10X+2iBXsJBoK5cM20q1RxsGH4GBsDvPzLervRQVZPe12ht/VPVd0PbYPUBVVfs8q2KlaWrq7ZH4cJ0FHB1Km0cjgYs2rps0AgsyKseb8jCkQ788VFZwePZZzMRA6OXHCIuVFxbnAPZlNvckCFz+b2oM132aYaqgbkk2IgAbShxUuEwuv6yb2mQapsavUUShxMK8AHmyJ39v5lQ2xiTQTougTwTG5MzYwIDAQAB] Just contacted them via email

[2025-11-12T00:55:35+00:00 | Field Follow-up] Nicolina replied by email asking for more information and expressed interest in carrying the line.

[2025-11-12T01:02:51+00:00] Nicolina replied via email requesting more information and is interested in stocking the line.

[2025-11-12T21:13:05.865Z | MIIBIjANBgkqhkiG9w0BAQEFAAOCAQ8AMIIBCgKCAQEA1y5wLWcmZJ9qWdvJl7yoGj1wxR8fjxZVezo9IkwodBEZ6q2tIyKIpk8XyEokycPQ/M9ZocYr57manzU53Zh+V1DnvUnvHZpgSvPSw/wnBKuXNxg+1uy8h10X+2iBXsJBoK5cM20q1RxsGH4GBsDvPzLervRQVZPe12ht/VPVd0PbYPUBVVfs8q2KlaWrq7ZH4cJ0FHB1Km0cjgYs2rps0AgsyKseb8jCkQ788VFZwePZZzMRA6OXHCIuVFxbnAPZlNvckCFz+b2oM132aYaqgbkk2IgAbShxUuEwuv6yb2mQapsavUUShxMK8AHmyJ39v5lQ2xiTQTougTwTG5MzYwIDAQAB] I popped by just now. She is not around. The staff mentioned she will be around tomorrow instead. Will try to pop by again around that time tomorrow","36.9719889","-122.0256564","MIIBIjANBgkqhkiG9w0BAQEFAAOCAQ8AMIIBCgKCAQEA1y5wLWcmZJ9qWdvJl7yoGj1wxR8fjxZVezo9IkwodBEZ6q2tIyKIpk8XyEokycPQ/M9ZocYr57manzU53Zh+V1DnvUnvHZpgSvPSw/wnBKuXNxg+1uy8h10X+2iBXsJBoK5cM20q1RxsGH4GBsDvPzLervRQVZPe12ht/VPVd0PbYPUBVVfs8q2KlaWrq7ZH4cJ0FHB1Km0cjgYs2rps0AgsyKseb8jCkQ788VFZwePZZzMRA6OXHCIuVFxbnAPZlNvckCFz+b2oM132aYaqgbkk2IgAbShxUuEwuv6yb2mQapsavUUShxMK8AHmyJ39v5lQ2xiTQTougTwTG5MzYwIDAQAB","11/12/2025"
"Moonstone Metaphysical","Manager Follow-up","High","130 N Santa Cruz Ave","Los Gatos","CA","Metaphysical/Spiritual","(408) 313-4744","https://moonstone-metaphysical.business.site","","https://www.instagram.com/moonstonemetaphysical/","Metaphysical shop offering crystals, candles, incense, and spiritual products. Sister store of Moon Kissed in Santa Cruz.","2025-11-05","Instagram","","","","","","","","","","37.2251574","-121.9822178","",""
"Celestial Trading","Not Appropriate","Medium","85 5th St","Gilroy","CA","Metaphysical/Spiritual","","https://www.celestialtrading.us/","","","Family-owned store offering crystals, metaphysical tools, and spiritual gifts. Also hosts workshops and events. Good fit for ceremonial cacao.","","","","","","","","","","","[2025-11-08T15:40:21+00:00 | MIIBIjANBgkqhkiG9w0BAQEFAAOCAQ8AMIIBCgKCAQEAyC5HgVLODmtFQZiM91XKoZTPuaaOW8EWPf6Sv+0a74Ji7cSAjZEsYbHSKbg6k2qb8gWzxX3KuDZVTgjytbeM/P40k6b5Px3PcBbNXmMzznxG6UaiskP8dGp/bZMmygXFq9MbQ9vsGJ9AS2XtngSlJ9BEMxZo4/fKvxco+8fGTt02BIyqhJQ2KW/jHro0W8/nyhtY/2KcOKWjedt1MqVWMzKotXpPFVPfimAmsRqdFHKlyGzlTPALF1iBA7Zee1zfxeZWHYegADhTivp0Xf3gytcSZcAwGGRbOuCS69NT6G4P5YiZ/lw4a1DM1b22I0TY92dMlEI7wOQNmi0I2+iFpQIDAQAB] place only deals with crystals","37.0081752","-121.5704538","MIIBIjANBgkqhkiG9w0BAQEFAAOCAQ8AMIIBCgKCAQEAyC5HgVLODmtFQZiM91XKoZTPuaaOW8EWPf6Sv+0a74Ji7cSAjZEsYbHSKbg6k2qb8gWzxX3KuDZVTgjytbeM/P40k6b5Px3PcBbNXmMzznxG6UaiskP8dGp/bZMmygXFq9MbQ9vsGJ9AS2XtngSlJ9BEMxZo4/fKvxco+8fGTt02BIyqhJQ2KW/jHro0W8/nyhtY/2KcOKWjedt1MqVWMzKotXpPFVPfimAmsRqdFHKlyGzlTPALF1iBA7Zee1zfxeZWHYegADhTivp0Xf3gytcSZcAwGGRbOuCS69NT6G4P5YiZ/lw4a1DM1b22I0TY92dMlEI7wOQNmi0I2+iFpQIDAQAB","11/8/2025"
"Magical Unicorn Crystals","Not Appropriate","Medium","7650 Dowdy St","Gilroy","CA","Metaphysical/Spiritual","","","","","Specializes in crystals and gemstones, promoting positive energy and spiritual well-being. May carry ceremonial products.","","","","","","","","","","","[2025-11-08T15:38:40+00:00 | MIIBIjANBgkqhkiG9w0BAQEFAAOCAQ8AMIIBCgKCAQEAyC5HgVLODmtFQZiM91XKoZTPuaaOW8EWPf6Sv+0a74Ji7cSAjZEsYbHSKbg6k2qb8gWzxX3KuDZVTgjytbeM/P40k6b5Px3PcBbNXmMzznxG6UaiskP8dGp/bZMmygXFq9MbQ9vsGJ9AS2XtngSlJ9BEMxZo4/fKvxco+8fGTt02BIyqhJQ2KW/jHro0W8/nyhtY/2KcOKWjedt1MqVWMzKotXpPFVPfimAmsRqdFHKlyGzlTPALF1iBA7Zee1zfxeZWHYegADhTivp0Xf3gytcSZcAwGGRbOuCS69NT6G4P5YiZ/lw4a1DM1b22I0TY92dMlEI7wOQNmi0I2+iFpQIDAQAB] only deals with crystals","37.0090672","-121.5764434","MIIBIjANBgkqhkiG9w0BAQEFAAOCAQ8AMIIBCgKCAQEAyC5HgVLODmtFQZiM91XKoZTPuaaOW8EWPf6Sv+0a74Ji7cSAjZEsYbHSKbg6k2qb8gWzxX3KuDZVTgjytbeM/P40k6b5Px3PcBbNXmMzznxG6UaiskP8dGp/bZMmygXFq9MbQ9vsGJ9AS2XtngSlJ9BEMxZo4/fKvxco+8fGTt02BIyqhJQ2KW/jHro0W8/nyhtY/2KcOKWjedt1MqVWMzKotXpPFVPfimAmsRqdFHKlyGzlTPALF1iBA7Zee1zfxeZWHYegADhTivp0Xf3gytcSZcAwGGRbOuCS69NT6G4P5YiZ/lw4a1DM1b22I0TY92dMlEI7wOQNmi0I2+iFpQIDAQAB","11/8/2025"
"Fremont Natural Foods/Healing","Manager Follow-up","Medium","5180 Mowry Ave","Fremont","CA","Health Food Store","(510) 792-0163","","fremontnatural@gmail.com","https://www.facebook.com/FremontNatural","Natural foods store with healing/wellness products. May have sections for spiritual/wellness items.","2025-11-07","In-person","2025-11-12","Betty","Monica","Betty","","https://www.google.com/calendar/event?eid=ZnUzNzE4OTRmZTljOTcwNzAwMzliMWViYmFiYzliNzVlMGE4NzUyNjE1IGdhcnlqb2JAYWdyb3ZlcnNlLnNob3A","","","Met Betty in-store; Monica (buyer) unavailable. Referred to call Monica next Wednesday.","37.5345172","-121.9996629","",""
"Sublime Journey West Coast","Rejected","High","37485 Niles Blvd","Fremont","CA","Metaphysical/Spiritual","(510) 896-8496","https://shopsublimejourney.com/","yoursublimejourney@gmail.com","","Metaphysical shop offering spiritual tools, crystals, tarot cards, anointing oils, and healing services. Open everyday 11am-6pm. Owner Jacqua Carr provides chakra alignment services. Safe space for spiritual seekers.","2025-11-05","Email","","","","","","","","","","37.577022","-121.9795886","",""
"Queen Hippie Gypsy","Partnered","High","337 14th St","Oakland","CA","Metaphysical/Spiritual","(510) 282-7829","https://www.queenhippiegypsy.com/","Queenhippiegypsy@gmail.com","","Metaphysical/spiritual shop. Store keeper: Lily (Lilly Ayers). Check website for specific offerings and hours.","2025-11-07","Email","","Lilly","Lilly","","","","","","Onboarded. Lilly confirmed partnership and received onboarding email.","37.803137","-122.268591","",""
"The Sanctuary","Manager Follow-up","High","3344 Grand Ave","Oakland","CA","Metaphysical/Spiritual","","https://thesanctuary.energy/","","","Spiritual shop specializing in Ìṣẹ̀ṣe, Lukumí, and Palo traditions. Offers herbal offerings, botànica items, books, crystals, spiritual tools, and spiritual services (readings, cleansings, counseling). Open Wed-Sun 12pm-6pm.","2025-11-05","Phone","2025-11-12","Etecia","Etecia & wife","","Cacao nibs, cacao butter","https://www.google.com/calendar/event?eid=ZnU5MjA5ODYzYTMwNDYxYTNjNGIyNWNmOTE1NjI0YjU1OTEwZTY5NTE0IGdhcnlqb2JAYWdyb3ZlcnNlLnNob3A","","","Spoke with Etecia; she'll speak with her wife. They can use cacao nibs and cacao butter. Follow up via email next Wednesday.","37.8124603","-122.2471791","",""
"Twisted Thistle Apothecary","Rejected","High","4156 Piedmont Ave","Oakland","CA","Metaphysical/Spiritual","(510) 644-3727","https://www.twistedthistleapothecary.com/","weborders.tta@gmail.com","","Apothecary offering ethically grown herbal teas, superfoods, healing products, natural beauty, crystals, tarot/oracle cards, ritual items, and homewares. In-house herbal blends. Open Sun-Thurs 11am-6pm, Fri-Sat 11am-7pm.","2025-11-05","Email","","","","","","","","","","37.8269902","-122.2514675","",""
"The Sacred Well","Not Appropriate","High","536 Grand Ave","Oakland","CA","Metaphysical/Spiritual","","","","","Magical emporium with crystals, herbs, tarot, classes on spirituality. Community-driven approach. Cacao fitting as life-force enhancer.","","","","","","","","","","","","37.8089237","-122.2508367","MIIBIjANBgkqhkiG9w0BAQEFAAOCAQ8AMIIBCgKCAQEAyC5HgVLODmtFQZiM91XKoZTPuaaOW8EWPf6Sv+0a74Ji7cSAjZEsYbHSKbg6k2qb8gWzxX3KuDZVTgjytbeM/P40k6b5Px3PcBbNXmMzznxG6UaiskP8dGp/bZMmygXFq9MbQ9vsGJ9AS2XtngSlJ9BEMxZo4/fKvxco+8fGTt02BIyqhJQ2KW/jHro0W8/nyhtY/2KcOKWjedt1MqVWMzKotXpPFVPfimAmsRqdFHKlyGzlTPALF1iBA7Zee1zfxeZWHYegADhTivp0Xf3gytcSZcAwGGRbOuCS69NT6G4P5YiZ/lw4a1DM1b22I0TY92dMlEI7wOQNmi0I2+iFpQIDAQAB","11/8/2025"
"Lakshmi Crystals & Gifts","Not Appropriate","High","3301 Grand Ave","Oakland","CA","Metaphysical/Spiritual","","","","","Crystal shop with spiritual gifts, incense, and healing tools. Community-focused with meditation groups. Good fit for ceremonial cacao.","","","","","","","","","","","[2025-11-08T15:40:49+00:00 | MIIBIjANBgkqhkiG9w0BAQEFAAOCAQ8AMIIBCgKCAQEAyC5HgVLODmtFQZiM91XKoZTPuaaOW8EWPf6Sv+0a74Ji7cSAjZEsYbHSKbg6k2qb8gWzxX3KuDZVTgjytbeM/P40k6b5Px3PcBbNXmMzznxG6UaiskP8dGp/bZMmygXFq9MbQ9vsGJ9AS2XtngSlJ9BEMxZo4/fKvxco+8fGTt02BIyqhJQ2KW/jHro0W8/nyhtY/2KcOKWjedt1MqVWMzKotXpPFVPfimAmsRqdFHKlyGzlTPALF1iBA7Zee1zfxeZWHYegADhTivp0Xf3gytcSZcAwGGRbOuCS69NT6G4P5YiZ/lw4a1DM1b22I0TY92dMlEI7wOQNmi0I2+iFpQIDAQAB] permanently closed","37.8126902","-122.2474126","MIIBIjANBgkqhkiG9w0BAQEFAAOCAQ8AMIIBCgKCAQEAyC5HgVLODmtFQZiM91XKoZTPuaaOW8EWPf6Sv+0a74Ji7cSAjZEsYbHSKbg6k2qb8gWzxX3KuDZVTgjytbeM/P40k6b5Px3PcBbNXmMzznxG6UaiskP8dGp/bZMmygXFq9MbQ9vsGJ9AS2XtngSlJ9BEMxZo4/fKvxco+8fGTt02BIyqhJQ2KW/jHro0W8/nyhtY/2KcOKWjedt1MqVWMzKotXpPFVPfimAmsRqdFHKlyGzlTPALF1iBA7Zee1zfxeZWHYegADhTivp0Xf3gytcSZcAwGGRbOuCS69NT6G4P5YiZ/lw4a1DM1b22I0TY92dMlEI7wOQNmi0I2+iFpQIDAQAB","11/8/2025"
"Alameda Natural Grocery","Not Appropriate","Low","1650 Park St","Alameda","CA","Health Food Store","(510) 865-1500","https://alamedanaturalgrocery.com/","","","Woman-owned, independently operated natural grocer with extensive organic and specialty foods. Has wellness department with supplements and natural products. May have sections suitable for ceremonial products. Open Mon-Sat 8am-8pm, Sun 8am-7pm.","","","","","","","","","","","[2025-11-08T15:37:20+00:00 | MIIBIjANBgkqhkiG9w0BAQEFAAOCAQ8AMIIBCgKCAQEAyC5HgVLODmtFQZiM91XKoZTPuaaOW8EWPf6Sv+0a74Ji7cSAjZEsYbHSKbg6k2qb8gWzxX3KuDZVTgjytbeM/P40k6b5Px3PcBbNXmMzznxG6UaiskP8dGp/bZMmygXFq9MbQ9vsGJ9AS2XtngSlJ9BEMxZo4/fKvxco+8fGTt02BIyqhJQ2KW/jHro0W8/nyhtY/2KcOKWjedt1MqVWMzKotXpPFVPfimAmsRqdFHKlyGzlTPALF1iBA7Zee1zfxeZWHYegADhTivp0Xf3gytcSZcAwGGRbOuCS69NT6G4P5YiZ/lw4a1DM1b22I0TY92dMlEI7wOQNmi0I2+iFpQIDAQAB] It is a grocery store","37.7677188","-122.2394615","MIIBIjANBgkqhkiG9w0BAQEFAAOCAQ8AMIIBCgKCAQEAyC5HgVLODmtFQZiM91XKoZTPuaaOW8EWPf6Sv+0a74Ji7cSAjZEsYbHSKbg6k2qb8gWzxX3KuDZVTgjytbeM/P40k6b5Px3PcBbNXmMzznxG6UaiskP8dGp/bZMmygXFq9MbQ9vsGJ9AS2XtngSlJ9BEMxZo4/fKvxco+8fGTt02BIyqhJQ2KW/jHro0W8/nyhtY/2KcOKWjedt1MqVWMzKotXpPFVPfimAmsRqdFHKlyGzlTPALF1iBA7Zee1zfxeZWHYegADhTivp0Xf3gytcSZcAwGGRbOuCS69NT6G4P5YiZ/lw4a1DM1b22I0TY92dMlEI7wOQNmi0I2+iFpQIDAQAB","11/8/2025"
"Ancient Future","Not Appropriate","High","2903 College Ave","Berkeley","CA","Metaphysical/Spiritual","","","","","Global spiritual artifacts, books, wellness products. Nomadic horizon-shifting vibe supports consignment for cacao in settings that evoke impermanence.","","","","","","","","","","","[2025-11-08T15:39:19+00:00 | MIIBIjANBgkqhkiG9w0BAQEFAAOCAQ8AMIIBCgKCAQEAyC5HgVLODmtFQZiM91XKoZTPuaaOW8EWPf6Sv+0a74Ji7cSAjZEsYbHSKbg6k2qb8gWzxX3KuDZVTgjytbeM/P40k6b5Px3PcBbNXmMzznxG6UaiskP8dGp/bZMmygXFq9MbQ9vsGJ9AS2XtngSlJ9BEMxZo4/fKvxco+8fGTt02BIyqhJQ2KW/jHro0W8/nyhtY/2KcOKWjedt1MqVWMzKotXpPFVPfimAmsRqdFHKlyGzlTPALF1iBA7Zee1zfxeZWHYegADhTivp0Xf3gytcSZcAwGGRbOuCS69NT6G4P5YiZ/lw4a1DM1b22I0TY92dMlEI7wOQNmi0I2+iFpQIDAQAB] place does not exist","37.8583592","-122.2531078","MIIBIjANBgkqhkiG9w0BAQEFAAOCAQ8AMIIBCgKCAQEAyC5HgVLODmtFQZiM91XKoZTPuaaOW8EWPf6Sv+0a74Ji7cSAjZEsYbHSKbg6k2qb8gWzxX3KuDZVTgjytbeM/P40k6b5Px3PcBbNXmMzznxG6UaiskP8dGp/bZMmygXFq9MbQ9vsGJ9AS2XtngSlJ9BEMxZo4/fKvxco+8fGTt02BIyqhJQ2KW/jHro0W8/nyhtY/2KcOKWjedt1MqVWMzKotXpPFVPfimAmsRqdFHKlyGzlTPALF1iBA7Zee1zfxeZWHYegADhTivp0Xf3gytcSZcAwGGRbOuCS69NT6G4P5YiZ/lw4a1DM1b22I0TY92dMlEI7wOQNmi0I2+iFpQIDAQAB","11/8/2025"
"Shambhala Booksellers","Not Appropriate","High","2482 Telegraph Ave","Berkeley","CA","Metaphysical/Spiritual","","","","","Buddhist and spiritual bookstore with meditation supplies, incense, and ritual items. Community-oriented with classes. Good fit for ceremonial cacao.","","","","","","","","","","","[2025-11-08T15:41:38+00:00 | MIIBIjANBgkqhkiG9w0BAQEFAAOCAQ8AMIIBCgKCAQEAyC5HgVLODmtFQZiM91XKoZTPuaaOW8EWPf6Sv+0a74Ji7cSAjZEsYbHSKbg6k2qb8gWzxX3KuDZVTgjytbeM/P40k6b5Px3PcBbNXmMzznxG6UaiskP8dGp/bZMmygXFq9MbQ9vsGJ9AS2XtngSlJ9BEMxZo4/fKvxco+8fGTt02BIyqhJQ2KW/jHro0W8/nyhtY/2KcOKWjedt1MqVWMzKotXpPFVPfimAmsRqdFHKlyGzlTPALF1iBA7Zee1zfxeZWHYegADhTivp0Xf3gytcSZcAwGGRbOuCS69NT6G4P5YiZ/lw4a1DM1b22I0TY92dMlEI7wOQNmi0I2+iFpQIDAQAB] Place does not exist","37.8653562","-122.2587269","MIIBIjANBgkqhkiG9w0BAQEFAAOCAQ8AMIIBCgKCAQEAyC5HgVLODmtFQZiM91XKoZTPuaaOW8EWPf6Sv+0a74Ji7cSAjZEsYbHSKbg6k2qb8gWzxX3KuDZVTgjytbeM/P40k6b5Px3PcBbNXmMzznxG6UaiskP8dGp/bZMmygXFq9MbQ9vsGJ9AS2XtngSlJ9BEMxZo4/fKvxco+8fGTt02BIyqhJQ2KW/jHro0W8/nyhtY/2KcOKWjedt1MqVWMzKotXpPFVPfimAmsRqdFHKlyGzlTPALF1iBA7Zee1zfxeZWHYegADhTivp0Xf3gytcSZcAwGGRbOuCS69NT6G4P5YiZ/lw4a1DM1b22I0TY92dMlEI7wOQNmi0I2+iFpQIDAQAB","11/8/2025"
"The Berkeley Alembic","Not Appropriate","Medium","2820 7th St","Berkeley","CA","Wellness Center","","","","","Yoga and meditation center with community events. May have retail section or partner with local vendors. Check if they carry wellness products.","","","","","","","","","","","","37.8540849","-122.293467","MIIBIjANBgkqhkiG9w0BAQEFAAOCAQ8AMIIBCgKCAQEAyC5HgVLODmtFQZiM91XKoZTPuaaOW8EWPf6Sv+0a74Ji7cSAjZEsYbHSKbg6k2qb8gWzxX3KuDZVTgjytbeM/P40k6b5Px3PcBbNXmMzznxG6UaiskP8dGp/bZMmygXFq9MbQ9vsGJ9AS2XtngSlJ9BEMxZo4/fKvxco+8fGTt02BIyqhJQ2KW/jHro0W8/nyhtY/2KcOKWjedt1MqVWMzKotXpPFVPfimAmsRqdFHKlyGzlTPALF1iBA7Zee1zfxeZWHYegADhTivp0Xf3gytcSZcAwGGRbOuCS69NT6G4P5YiZ/lw4a1DM1b22I0TY92dMlEI7wOQNmi0I2+iFpQIDAQAB","11/8/2025"
"The Berkeley Herbal Center","Research","Medium","1250 Addison St, Suite G","Berkeley","CA","Health Food Store","","https://www.berkeleyherbalcenter.org/","","","Dedicated to educating individuals in herbal medicine and providing comprehensive herbal health services. Offers herbal consultations and may have retail products. Check if they have a storefront or retail section for herbal products.","","","","","","","","","","","","","","",""
"Feathered Outlaw","Manager Follow-up","Medium","1506 Webster Street","Alameda","CA","Metaphysical/Spiritual","(510) 239-4593","","featheredoutlaw@gmail.com","","Metaphysical/spiritual shop in Alameda. Check for specific offerings and hours.","2025-11-07","In-person","2025-11-12","Amber","Marie","","","https://www.google.com/calendar/event?eid=ZnUyZWFiYmFlN2I0ZmNjMzJhNDY0MzRlOThlMmVlNjdiZDgyYjkzYzIxIGdhcnlqb2JAYWdyb3ZlcnNlLnNob3A","","","Spoke with Amber; owner Marie was out. Amber will pass along our card. Follow up next Wednesday.","37.8044457","-122.2680401","",""
"Moon Kissed","Not Appropriate","High","1360 Pacific Ave","Santa Cruz","CA","Metaphysical/Spiritual","(831) 423-5477","https://www.serpents-kiss.com/","info@moonkissed.biz","","Magickal Arts Shop offering authentic, hand-crafted ritual and healing tools, crystals, gemstones, magical jewelry, talismans, spiritual statues, and herbal supplies. Open Wed-Mon 11am-7pm, closed Tuesdays. Sister store: Moonstone Metaphysical in Los Gatos.","2025-11-05","Email","","","","","","","","","[2025-11-12T21:28:46.746Z | MIIBIjANBgkqhkiG9w0BAQEFAAOCAQ8AMIIBCgKCAQEA1y5wLWcmZJ9qWdvJl7yoGj1wxR8fjxZVezo9IkwodBEZ6q2tIyKIpk8XyEokycPQ/M9ZocYr57manzU53Zh+V1DnvUnvHZpgSvPSw/wnBKuXNxg+1uy8h10X+2iBXsJBoK5cM20q1RxsGH4GBsDvPzLervRQVZPe12ht/VPVd0PbYPUBVVfs8q2KlaWrq7ZH4cJ0FHB1Km0cjgYs2rps0AgsyKseb8jCkQ788VFZwePZZzMRA6OXHCIuVFxbnAPZlNvckCFz+b2oM132aYaqgbkk2IgAbShxUuEwuv6yb2mQapsavUUShxMK8AHmyJ39v5lQ2xiTQTougTwTG5MzYwIDAQAB] It is into tarot crystals candles and occult","36.9743363","-122.0261353","MIIBIjANBgkqhkiG9w0BAQEFAAOCAQ8AMIIBCgKCAQEA1y5wLWcmZJ9qWdvJl7yoGj1wxR8fjxZVezo9IkwodBEZ6q2tIyKIpk8XyEokycPQ/M9ZocYr57manzU53Zh+V1DnvUnvHZpgSvPSw/wnBKuXNxg+1uy8h10X+2iBXsJBoK5cM20q1RxsGH4GBsDvPzLervRQVZPe12ht/VPVd0PbYPUBVVfs8q2KlaWrq7ZH4cJ0FHB1Km0cjgYs2rps0AgsyKseb8jCkQ788VFZwePZZzMRA6OXHCIuVFxbnAPZlNvckCFz+b2oM132aYaqgbkk2IgAbShxUuEwuv6yb2mQapsavUUShxMK8AHmyJ39v5lQ2xiTQTougTwTG5MzYwIDAQAB","11/12/2025"
"World of Stones and Mystics","Not Appropriate","High","835 Front St","Santa Cruz","CA","Metaphysical/Spiritual","","","","","High-quality selection of crystals, minerals, polished gems, and metaphysical products. Located in downtown Santa Cruz.","","","","","","","","","","","[11/10/2025 16:23:59 | MIIBIjANBgkqhkiG9w0BAQEFAAOCAQ8AMIIBCgKCAQEA1y5wLWcmZJ9qWdvJl7yoGj1wxR8fjxZVezo9IkwodBEZ6q2tIyKIpk8XyEokycPQ/M9ZocYr57manzU53Zh+V1DnvUnvHZpgSvPSw/wnBKuXNxg+1uy8h10X+2iBXsJBoK5cM20q1RxsGH4GBsDvPzLervRQVZPe12ht/VPVd0PbYPUBVVfs8q2KlaWrq7ZH4cJ0FHB1Km0cjgYs2rps0AgsyKseb8jCkQ788VFZwePZZzMRA6OXHCIuVFxbnAPZlNvckCFz+b2oM132aYaqgbkk2IgAbShxUuEwuv6yb2mQapsavUUShxMK8AHmyJ39v5lQ2xiTQTougTwTG5MzYwIDAQAB] Only deals with rocks","36.9758896","-122.026157","MIIBIjANBgkqhkiG9w0BAQEFAAOCAQ8AMIIBCgKCAQEA1y5wLWcmZJ9qWdvJl7yoGj1wxR8fjxZVezo9IkwodBEZ6q2tIyKIpk8XyEokycPQ/M9ZocYr57manzU53Zh+V1DnvUnvHZpgSvPSw/wnBKuXNxg+1uy8h10X+2iBXsJBoK5cM20q1RxsGH4GBsDvPzLervRQVZPe12ht/VPVd0PbYPUBVVfs8q2KlaWrq7ZH4cJ0FHB1Km0cjgYs2rps0AgsyKseb8jCkQ788VFZwePZZzMRA6OXHCIuVFxbnAPZlNvckCFz+b2oM132aYaqgbkk2IgAbShxUuEwuv6yb2mQapsavUUShxMK8AHmyJ39v5lQ2xiTQTougTwTG5MzYwIDAQAB","2025-11-11T00:57:51.202206+00:00"
"Air & Fire, A Mystical Bazaar","Contacted","Medium","13136 Highway 9","Boulder Creek","CA","Metaphysical/Spiritual","(831) 338-7567","https://www.airandfire.com/","info@airandfire.com","","Handcrafted natural products with essential oils, soaps, magical oils, candles, incense, mists, crystals, stones, ritual tools, books, tarot decks. Open Tue-Sun 11am-6:30pm, Mon 11am-4pm. Near Santa Cruz.","2025-11-05","Contact form","","","","","","","","","","","","",""
"Mountain Spirit","Not Appropriate","Medium","6299 Highway 9","Felton","CA","Metaphysical/Spiritual","(831) 335-7700","https://mountainspiritstore.com/","","","Metaphysical rock shop specializing in raw and polished gems and minerals from around the world, jewelry, beads, books, candles, statues, oils, incense, cards, journals, local art, and classes. Near Santa Cruz in redwood forest.","","","","","","","","","","","[11/10/2025 16:23:10 | MIIBIjANBgkqhkiG9w0BAQEFAAOCAQ8AMIIBCgKCAQEA1y5wLWcmZJ9qWdvJl7yoGj1wxR8fjxZVezo9IkwodBEZ6q2tIyKIpk8XyEokycPQ/M9ZocYr57manzU53Zh+V1DnvUnvHZpgSvPSw/wnBKuXNxg+1uy8h10X+2iBXsJBoK5cM20q1RxsGH4GBsDvPzLervRQVZPe12ht/VPVd0PbYPUBVVfs8q2KlaWrq7ZH4cJ0FHB1Km0cjgYs2rps0AgsyKseb8jCkQ788VFZwePZZzMRA6OXHCIuVFxbnAPZlNvckCFz+b2oM132aYaqgbkk2IgAbShxUuEwuv6yb2mQapsavUUShxMK8AHmyJ39v5lQ2xiTQTougTwTG5MzYwIDAQAB] Only deals with rocks","37.0529937","-122.0734799","MIIBIjANBgkqhkiG9w0BAQEFAAOCAQ8AMIIBCgKCAQEA1y5wLWcmZJ9qWdvJl7yoGj1wxR8fjxZVezo9IkwodBEZ6q2tIyKIpk8XyEokycPQ/M9ZocYr57manzU53Zh+V1DnvUnvHZpgSvPSw/wnBKuXNxg+1uy8h10X+2iBXsJBoK5cM20q1RxsGH4GBsDvPzLervRQVZPe12ht/VPVd0PbYPUBVVfs8q2KlaWrq7ZH4cJ0FHB1Km0cjgYs2rps0AgsyKseb8jCkQ788VFZwePZZzMRA6OXHCIuVFxbnAPZlNvckCFz+b2oM132aYaqgbkk2IgAbShxUuEwuv6yb2mQapsavUUShxMK8AHmyJ39v5lQ2xiTQTougTwTG5MzYwIDAQAB","2025-11-11T00:57:51.202206+00:00"
"The Mindshop (Gifts from the Heart)","Contacted","Medium","522 Central Ave","Pacific Grove","CA","Metaphysical/Spiritual","(831) 372-2971","https://www.centerforspiritualawakening.org/themindshop.html","themindshop.csa@gmail.com","","Metaphysical shop offering crystals, gemstones, candles, incense, metaphysical books, tarot/oracle cards, handmade jewelry, cards, chimes, and garden decor. Peaceful atmosphere. Part of Center for Spiritual Awakening. Open Tue-Sun 12pm-5pm, closed Mondays.","2025-11-05","Email","","","","","","","","","","36.621958","-121.915872","",""
"Apotheca","Contacted","Medium","9 E Gabilan St","Salinas","CA","Metaphysical/Spiritual","(831) 783-5852","https://shopapotheca.com/","","https://www.instagram.com/apotheca.dot/","Apothecary shop providing 'medicine for the soul.' Specializing in handmade, natural, and made in USA products. Offers crystals, candles, jewelry, books, sage, palo santo, tarot and oracle decks. Located in Oldtown Salinas.","2025-11-05","Instagram","","","","","","","","","","36.6757542","-121.6550127","",""
"Untamed Fire","Contacted","High","490 Orange Ave, Unit D","Sand City","CA","Metaphysical/Spiritual","(831) 582-1724","https://www.untamedfire.net/","sales@untamedfire.net","","Female-owned metaphysical shop offering hand-made metaphysically charged items, crystals, bracelets, journals, cleansing products. Owner Lynnette Smick runs Fiery Crone Medicinals line. Focus on natural, holistic ingredients. Community-focused with positive energy. Near Monterey.","2025-11-05","Email","","","","","","","","","","","","",""
"Esalen Institute Gift Shop","Research","Low","55000 CA-1","Big Sur","CA","Wellness Center","","https://www.esalen.org/","","","Renowned holistic retreat center offering meditation, yoga, and personal growth workshops. Has a gift shop that may carry wellness products. Check if they sell ceremonial cacao or would be interested. Highway 1 closures may affect access - verify road conditions before visiting.","","","","","","","","","","","","36.1248106","-121.637744","",""
"Crystal Garden","Research","High","779 Higuera St","San Luis Obispo","CA","Metaphysical/Spiritual","","","","","Metaphysical shop in downtown SLO offering crystals, minerals, spiritual items, books, and ritual supplies. College town with active spiritual community.","","","","","","","","","","","","35.2795219","-120.66315","",""
"EarthTones Gifts, Gallery & Center for Healing","Contacted","Medium","790 Pine St","Paso Robles","CA","Metaphysical/Spiritual","(805) 238-4413","","earthtoneswb@gmail.com","","Gifts, gallery, and healing center. Wine country area with wellness-oriented visitors. Check for specific offerings and hours.","2025-11-05","Email","","","","","","","","","","35.6220844","-120.6883424","",""
"Lumin Earth Apothecary","Contacted","Medium","875 Main St, Suite C","Morro Bay","CA","Metaphysical/Spiritual","(805) 225-1466","","luminearthapothecary@gmail.com","","Apothecary shop in coastal tourist town. Check for specific offerings and hours.","2025-11-05","Email","","","","","","","","","","","","",""
"The Natural Toolbox","Contacted","Medium","333 5 Cities Dr, Space 127","Pismo Beach","CA","Metaphysical/Spiritual","","","roxi@thenaturaltoolbox.com","https://www.facebook.com/thenaturaltoolbox/","Natural products shop. Located next to Jockey. Check for specific offerings and hours.","2025-11-05","Email","","","","","","","","","","","","",""
"Witchy Wanderland","Contacted","Medium","705 E Main St, Suite 205","Santa Maria","CA","Metaphysical/Spiritual","(805) 668-4989","","Wildflowerhaven888@gmail.com","","Located at Wildflower Haven building. Check for specific offerings and hours.","2025-11-05","Email","","","","","","","","","","","","",""
"Crystal Rainbow","Not Appropriate","High","1006 State St","Santa Barbara","CA","Metaphysical/Spiritual","","","","","Metaphysical shop on State Street offering crystals, gemstones, spiritual books, incense, candles, and ritual supplies. Upscale coastal city with wellness-oriented demographics.","","","","","","","","","","","[2025-11-08T15:39:52+00:00 | MIIBIjANBgkqhkiG9w0BAQEFAAOCAQ8AMIIBCgKCAQEAyC5HgVLODmtFQZiM91XKoZTPuaaOW8EWPf6Sv+0a74Ji7cSAjZEsYbHSKbg6k2qb8gWzxX3KuDZVTgjytbeM/P40k6b5Px3PcBbNXmMzznxG6UaiskP8dGp/bZMmygXFq9MbQ9vsGJ9AS2XtngSlJ9BEMxZo4/fKvxco+8fGTt02BIyqhJQ2KW/jHro0W8/nyhtY/2KcOKWjedt1MqVWMzKotXpPFVPfimAmsRqdFHKlyGzlTPALF1iBA7Zee1zfxeZWHYegADhTivp0Xf3gytcSZcAwGGRbOuCS69NT6G4P5YiZ/lw4a1DM1b22I0TY92dMlEI7wOQNmi0I2+iFpQIDAQAB] place doesn't exist","34.4216519","-119.701991","MIIBIjANBgkqhkiG9w0BAQEFAAOCAQ8AMIIBCgKCAQEAyC5HgVLODmtFQZiM91XKoZTPuaaOW8EWPf6Sv+0a74Ji7cSAjZEsYbHSKbg6k2qb8gWzxX3KuDZVTgjytbeM/P40k6b5Px3PcBbNXmMzznxG6UaiskP8dGp/bZMmygXFq9MbQ9vsGJ9AS2XtngSlJ9BEMxZo4/fKvxco+8fGTt02BIyqhJQ2KW/jHro0W8/nyhtY/2KcOKWjedt1MqVWMzKotXpPFVPfimAmsRqdFHKlyGzlTPALF1iBA7Zee1zfxeZWHYegADhTivp0Xf3gytcSZcAwGGRbOuCS69NT6G4P5YiZ/lw4a1DM1b22I0TY92dMlEI7wOQNmi0I2+iFpQIDAQAB","11/8/2025"
"The Mystic Merchant","Contacted","Medium","1638 Copenhagen Dr","Solvang","CA","Metaphysical/Spiritual","(805) 693-1424","","mysticmerchanstaff@gmail.com","https://www.facebook.com/profile.php?id=100063739172721","Metaphysical shop in Solvang (Danish-themed tourist town). Check for specific offerings and hours.","2025-11-05","Email","","","","","","","","","","34.5950743","-120.140462","",""
"Spiritstone Gems Market","Research","High","1210 W Main St","Quartzsite","AZ","Metaphysical/Spiritual","(928) 927-6361","","","","Permanent gem and mineral shop offering gems, minerals, crystals, and metaphysical products. Open daily 10am-6pm. Year-round operation (not just during gem shows).","","","","","","","","","","","","33.6664461","-114.2188123","",""
"Edmodo","Rejected","Medium","777 Mariners Island Boulevard","San Mateo","CA","Other","(650) 513-2735","","","","Added via DApp on 2025-11-08T23:51:35.759Z by MIIBIjANBgkqhkiG9w0BAQEFAAOCAQ8AMIIBCgKCAQEA54jNZdN4xkaPDI9TB/RwuicbbUMvttOWSTVRfvZxiHWeIoqTHRz2WJdoGsuW9rz9QPbpz6T9zQZu3RNzsSF216U3aCd89R2g7qhOMh9VC+7+sNJnI6H4qPPKFbndxQD8262Q+zqYQR6r0k89mud1sYbla/DCtKAcGZsALihVyl8tF2v1rUzfPU9FHpi5ow2kOEpVxnhe6xEY1HDU/zuFRt707WzkG1zit4AWEBXyBd3YLyinPNAb2aBA6dSPnPAQ4aB46Dtis3p5DgkLeO7E4gh/E0BqViDkkB1tLy1dgy9Kjv+5zxo1yTxkBKACjqqo69Q0VrUfkXgegWmXBAu04wIDAQAB.","","","","","","","","","","","[2025-11-08T23:51:35.759Z | MIIBIjANBgkqhkiG9w0BAQEFAAOCAQ8AMIIBCgKCAQEA54jNZdN4xkaPDI9TB/RwuicbbUMvttOWSTVRfvZxiHWeIoqTHRz2WJdoGsuW9rz9QPbpz6T9zQZu3RNzsSF216U3aCd89R2g7qhOMh9VC+7+sNJnI6H4qPPKFbndxQD8262Q+zqYQR6r0k89mud1sYbla/DCtKAcGZsALihVyl8tF2v1rUzfPU9FHpi5ow2kOEpVxnhe6xEY1HDU/zuFRt707WzkG1zit4AWEBXyBd3YLyinPNAb2aBA6dSPnPAQ4aB46Dtis3p5DgkLeO7E4gh/E0BqViDkkB1tLy1dgy9Kjv+5zxo1yTxkBKACjqqo69Q0VrUfkXgegWmXBAu04wIDAQAB] Not appropriate
[2025-11-08T23:51:35.759Z | MIIBIjANBgkqhkiG9w0BAQEFAAOCAQ8AMIIBCgKCAQEA54jNZdN4xkaPDI9TB/RwuicbbUMvttOWSTVRfvZxiHWeIoqTHRz2WJdoGsuW9rz9QPbpz6T9zQZu3RNzsSF216U3aCd89R2g7qhOMh9VC+7+sNJnI6H4qPPKFbndxQD8262Q+zqYQR6r0k89mud1sYbla/DCtKAcGZsALihVyl8tF2v1rUzfPU9FHpi5ow2kOEpVxnhe6xEY1HDU/zuFRt707WzkG1zit4AWEBXyBd3YLyinPNAb2aBA6dSPnPAQ4aB46Dtis3p5DgkLeO7E4gh/E0BqViDkkB1tLy1dgy9Kjv+5zxo1yTxkBKACjqqo69Q0VrUfkXgegWmXBAu04wIDAQAB] Added via DApp.","37.74087731","-122.5068727","MIIBIjANBgkqhkiG9w0BAQEFAAOCAQ8AMIIBCgKCAQEA54jNZdN4xkaPDI9TB/RwuicbbUMvttOWSTVRfvZxiHWeIoqTHRz2WJdoGsuW9rz9QPbpz6T9zQZu3RNzsSF216U3aCd89R2g7qhOMh9VC+7+sNJnI6H4qPPKFbndxQD8262Q+zqYQR6r0k89mud1sYbla/DCtKAcGZsALihVyl8tF2v1rUzfPU9FHpi5ow2kOEpVxnhe6xEY1HDU/zuFRt707WzkG1zit4AWEBXyBd3YLyinPNAb2aBA6dSPnPAQ4aB46Dtis3p5DgkLeO7E4gh/E0BqViDkkB1tLy1dgy9Kjv+5zxo1yTxkBKACjqqo69Q0VrUfkXgegWmXBAu04wIDAQAB","11/8/2025 15:51:36"
"Preston's Candy & Ice Cream","Research","Medium","1170 Broadway","Burlingame","CA","Boutique Chocolate","(650) 344-3254","http://www.prestonscandyshop.com/","","","Added via DApp on 2025-11-11T00:16:11.658Z by MIIBIjANBgkqhkiG9w0BAQEFAAOCAQ8AMIIBCgKCAQEA1y5wLWcmZJ9qWdvJl7yoGj1wxR8fjxZVezo9IkwodBEZ6q2tIyKIpk8XyEokycPQ/M9ZocYr57manzU53Zh+V1DnvUnvHZpgSvPSw/wnBKuXNxg+1uy8h10X+2iBXsJBoK5cM20q1RxsGH4GBsDvPzLervRQVZPe12ht/VPVd0PbYPUBVVfs8q2KlaWrq7ZH4cJ0FHB1Km0cjgYs2rps0AgsyKseb8jCkQ788VFZwePZZzMRA6OXHCIuVFxbnAPZlNvckCFz+b2oM132aYaqgbkk2IgAbShxUuEwuv6yb2mQapsavUUShxMK8AHmyJ39v5lQ2xiTQTougTwTG5MzYwIDAQAB.","","","","","","","","","","","[2025-11-11T00:16:11.658Z | MIIBIjANBgkqhkiG9w0BAQEFAAOCAQ8AMIIBCgKCAQEA1y5wLWcmZJ9qWdvJl7yoGj1wxR8fjxZVezo9IkwodBEZ6q2tIyKIpk8XyEokycPQ/M9ZocYr57manzU53Zh+V1DnvUnvHZpgSvPSw/wnBKuXNxg+1uy8h10X+2iBXsJBoK5cM20q1RxsGH4GBsDvPzLervRQVZPe12ht/VPVd0PbYPUBVVfs8q2KlaWrq7ZH4cJ0FHB1Km0cjgYs2rps0AgsyKseb8jCkQ788VFZwePZZzMRA6OXHCIuVFxbnAPZlNvckCFz+b2oM132aYaqgbkk2IgAbShxUuEwuv6yb2mQapsavUUShxMK8AHmyJ39v5lQ2xiTQTougTwTG5MzYwIDAQAB] Saw this in half moon bay at the small town sweets store
[2025-11-11T00:16:11.658Z | MIIBIjANBgkqhkiG9w0BAQEFAAOCAQ8AMIIBCgKCAQEA1y5wLWcmZJ9qWdvJl7yoGj1wxR8fjxZVezo9IkwodBEZ6q2tIyKIpk8XyEokycPQ/M9ZocYr57manzU53Zh+V1DnvUnvHZpgSvPSw/wnBKuXNxg+1uy8h10X+2iBXsJBoK5cM20q1RxsGH4GBsDvPzLervRQVZPe12ht/VPVd0PbYPUBVVfs8q2KlaWrq7ZH4cJ0FHB1Km0cjgYs2rps0AgsyKseb8jCkQ788VFZwePZZzMRA6OXHCIuVFxbnAPZlNvckCFz+b2oM132aYaqgbkk2IgAbShxUuEwuv6yb2mQapsavUUShxMK8AHmyJ39v5lQ2xiTQTougTwTG5MzYwIDAQAB] Added via DApp.

[2025-11-11T03:35:35+00:00 | Field Visit] Field visit via Small Town Sweets. Lydia (Small Town Sweets) said they source candy from Preston's.","37.5866861","-122.3643484","MIIBIjANBgkqhkiG9w0BAQEFAAOCAQ8AMIIBCgKCAQEA1y5wLWcmZJ9qWdvJl7yoGj1wxR8fjxZVezo9IkwodBEZ6q2tIyKIpk8XyEokycPQ/M9ZocYr57manzU53Zh+V1DnvUnvHZpgSvPSw/wnBKuXNxg+1uy8h10X+2iBXsJBoK5cM20q1RxsGH4GBsDvPzLervRQVZPe12ht/VPVd0PbYPUBVVfs8q2KlaWrq7ZH4cJ0FHB1Km0cjgYs2rps0AgsyKseb8jCkQ788VFZwePZZzMRA6OXHCIuVFxbnAPZlNvckCFz+b2oM132aYaqgbkk2IgAbShxUuEwuv6yb2mQapsavUUShxMK8AHmyJ39v5lQ2xiTQTougTwTG5MzYwIDAQAB","11/11/2025 16:40:33"
"Small Town Sweets","Contacted","Medium","617 Main Street","Half Moon Bay","CA","Boutique Chocolate","(650) 713-0782","http://www.smalltownsweetshmb.com/","","","Added via DApp on 2025-11-11T00:18:22.192Z by MIIBIjANBgkqhkiG9w0BAQEFAAOCAQ8AMIIBCgKCAQEA1y5wLWcmZJ9qWdvJl7yoGj1wxR8fjxZVezo9IkwodBEZ6q2tIyKIpk8XyEokycPQ/M9ZocYr57manzU53Zh+V1DnvUnvHZpgSvPSw/wnBKuXNxg+1uy8h10X+2iBXsJBoK5cM20q1RxsGH4GBsDvPzLervRQVZPe12ht/VPVd0PbYPUBVVfs8q2KlaWrq7ZH4cJ0FHB1Km0cjgYs2rps0AgsyKseb8jCkQ788VFZwePZZzMRA6OXHCIuVFxbnAPZlNvckCFz+b2oM132aYaqgbkk2IgAbShxUuEwuv6yb2mQapsavUUShxMK8AHmyJ39v5lQ2xiTQTougTwTG5MzYwIDAQAB.","2025-11-10","In Person","","Lydia","Audrey","Lydia","","","","","[2025-11-11T00:18:22.192Z | MIIBIjANBgkqhkiG9w0BAQEFAAOCAQ8AMIIBCgKCAQEA1y5wLWcmZJ9qWdvJl7yoGj1wxR8fjxZVezo9IkwodBEZ6q2tIyKIpk8XyEokycPQ/M9ZocYr57manzU53Zh+V1DnvUnvHZpgSvPSw/wnBKuXNxg+1uy8h10X+2iBXsJBoK5cM20q1RxsGH4GBsDvPzLervRQVZPe12ht/VPVd0PbYPUBVVfs8q2KlaWrq7ZH4cJ0FHB1Km0cjgYs2rps0AgsyKseb8jCkQ788VFZwePZZzMRA6OXHCIuVFxbnAPZlNvckCFz+b2oM132aYaqgbkk2IgAbShxUuEwuv6yb2mQapsavUUShxMK8AHmyJ39v5lQ2xiTQTougTwTG5MzYwIDAQAB] Lydia at the staff mentioned Audrey comes in on Tuesdays and Thursdays
[2025-11-11T00:18:22.192Z | MIIBIjANBgkqhkiG9w0BAQEFAAOCAQ8AMIIBCgKCAQEA1y5wLWcmZJ9qWdvJl7yoGj1wxR8fjxZVezo9IkwodBEZ6q2tIyKIpk8XyEokycPQ/M9ZocYr57manzU53Zh+V1DnvUnvHZpgSvPSw/wnBKuXNxg+1uy8h10X+2iBXsJBoK5cM20q1RxsGH4GBsDvPzLervRQVZPe12ht/VPVd0PbYPUBVVfs8q2KlaWrq7ZH4cJ0FHB1Km0cjgYs2rps0AgsyKseb8jCkQ788VFZwePZZzMRA6OXHCIuVFxbnAPZlNvckCFz+b2oM132aYaqgbkk2IgAbShxUuEwuv6yb2mQapsavUUShxMK8AHmyJ39v5lQ2xiTQTougTwTG5MzYwIDAQAB] Added via DApp.

[11/10/2025 16:19:20 | MIIBIjANBgkqhkiG9w0BAQEFAAOCAQ8AMIIBCgKCAQEA1y5wLWcmZJ9qWdvJl7yoGj1wxR8fjxZVezo9IkwodBEZ6q2tIyKIpk8XyEokycPQ/M9ZocYr57manzU53Zh+V1DnvUnvHZpgSvPSw/wnBKuXNxg+1uy8h10X+2iBXsJBoK5cM20q1RxsGH4GBsDvPzLervRQVZPe12ht/VPVd0PbYPUBVVfs8q2KlaWrq7ZH4cJ0FHB1Km0cjgYs2rps0AgsyKseb8jCkQ788VFZwePZZzMRA6OXHCIuVFxbnAPZlNvckCFz+b2oM132aYaqgbkk2IgAbShxUuEwuv6yb2mQapsavUUShxMK8AHmyJ39v5lQ2xiTQTougTwTG5MzYwIDAQAB] I popped by today and spoke with Lydia the staff

[2025-11-11T03:35:35+00:00 | Field Visit] Spoke with Lydia; they source candy inventory from Preston's Candy & Ice Cream.","37.46233612","-122.4294724","MIIBIjANBgkqhkiG9w0BAQEFAAOCAQ8AMIIBCgKCAQEA1y5wLWcmZJ9qWdvJl7yoGj1wxR8fjxZVezo9IkwodBEZ6q2tIyKIpk8XyEokycPQ/M9ZocYr57manzU53Zh+V1DnvUnvHZpgSvPSw/wnBKuXNxg+1uy8h10X+2iBXsJBoK5cM20q1RxsGH4GBsDvPzLervRQVZPe12ht/VPVd0PbYPUBVVfs8q2KlaWrq7ZH4cJ0FHB1Km0cjgYs2rps0AgsyKseb8jCkQ788VFZwePZZzMRA6OXHCIuVFxbnAPZlNvckCFz+b2oM132aYaqgbkk2IgAbShxUuEwuv6yb2mQapsavUUShxMK8AHmyJ39v5lQ2xiTQTougTwTG5MzYwIDAQAB","2025-11-11T00:57:51.202206+00:00"
"Air and Fire, A Mystical Bazaar","Contacted","Medium","13150 California 9","Boulder Creek","CA","Metaphysical/Spiritual","(831) 338-7567","http://www.airandfire.com/","","","Added via DApp on 2025-11-11T00:25:10.566Z by MIIBIjANBgkqhkiG9w0BAQEFAAOCAQ8AMIIBCgKCAQEA1y5wLWcmZJ9qWdvJl7yoGj1wxR8fjxZVezo9IkwodBEZ6q2tIyKIpk8XyEokycPQ/M9ZocYr57manzU53Zh+V1DnvUnvHZpgSvPSw/wnBKuXNxg+1uy8h10X+2iBXsJBoK5cM20q1RxsGH4GBsDvPzLervRQVZPe12ht/VPVd0PbYPUBVVfs8q2KlaWrq7ZH4cJ0FHB1Km0cjgYs2rps0AgsyKseb8jCkQ788VFZwePZZzMRA6OXHCIuVFxbnAPZlNvckCFz+b2oM132aYaqgbkk2IgAbShxUuEwuv6yb2mQapsavUUShxMK8AHmyJ39v5lQ2xiTQTougTwTG5MzYwIDAQAB.","","","","","","","","","","","[2025-11-11T00:25:10.566Z | MIIBIjANBgkqhkiG9w0BAQEFAAOCAQ8AMIIBCgKCAQEA1y5wLWcmZJ9qWdvJl7yoGj1wxR8fjxZVezo9IkwodBEZ6q2tIyKIpk8XyEokycPQ/M9ZocYr57manzU53Zh+V1DnvUnvHZpgSvPSw/wnBKuXNxg+1uy8h10X+2iBXsJBoK5cM20q1RxsGH4GBsDvPzLervRQVZPe12ht/VPVd0PbYPUBVVfs8q2KlaWrq7ZH4cJ0FHB1Km0cjgYs2rps0AgsyKseb8jCkQ788VFZwePZZzMRA6OXHCIuVFxbnAPZlNvckCFz+b2oM132aYaqgbkk2IgAbShxUuEwuv6yb2mQapsavUUShxMK8AHmyJ39v5lQ2xiTQTougTwTG5MzYwIDAQAB] Added via DApp.","37.1247215","-122.1219754","MIIBIjANBgkqhkiG9w0BAQEFAAOCAQ8AMIIBCgKCAQEA1y5wLWcmZJ9qWdvJl7yoGj1wxR8fjxZVezo9IkwodBEZ6q2tIyKIpk8XyEokycPQ/M9ZocYr57manzU53Zh+V1DnvUnvHZpgSvPSw/wnBKuXNxg+1uy8h10X+2iBXsJBoK5cM20q1RxsGH4GBsDvPzLervRQVZPe12ht/VPVd0PbYPUBVVfs8q2KlaWrq7ZH4cJ0FHB1Km0cjgYs2rps0AgsyKseb8jCkQ788VFZwePZZzMRA6OXHCIuVFxbnAPZlNvckCFz+b2oM132aYaqgbkk2IgAbShxUuEwuv6yb2mQapsavUUShxMK8AHmyJ39v5lQ2xiTQTougTwTG5MzYwIDAQAB","2025-11-11T00:57:51.202206+00:00"
"Earth Impact","Manager Follow-up","Medium","420 Main Street","Half Moon Bay","CA","Wellness Center","(650) 726-7743","","","","Added via DApp on 2025-11-11T23:26:17.509Z by MIIBIjANBgkqhkiG9w0BAQEFAAOCAQ8AMIIBCgKCAQEA1y5wLWcmZJ9qWdvJl7yoGj1wxR8fjxZVezo9IkwodBEZ6q2tIyKIpk8XyEokycPQ/M9ZocYr57manzU53Zh+V1DnvUnvHZpgSvPSw/wnBKuXNxg+1uy8h10X+2iBXsJBoK5cM20q1RxsGH4GBsDvPzLervRQVZPe12ht/VPVd0PbYPUBVVfs8q2KlaWrq7ZH4cJ0FHB1Km0cjgYs2rps0AgsyKseb8jCkQ788VFZwePZZzMRA6OXHCIuVFxbnAPZlNvckCFz+b2oM132aYaqgbkk2IgAbShxUuEwuv6yb2mQapsavUUShxMK8AHmyJ39v5lQ2xiTQTougTwTG5MzYwIDAQAB.

[2025-11-12T01:00:29+00:00] Staff Liz advised calling owner Stephanie around 10am.","2025-11-11","Phone follow-up suggested by Liz","2025-11-13 10:00","Stephanie (Owner); Liz (Staff)","","","","https://www.google.com/calendar/event?eid=ZnVkMWZlOGE1ZGQzYzRmYTUzYWE5MzMzNzZmNWZjMDVkZWRhM2YzZTlmIGdhcnlqb2JAYWdyb3ZlcnNlLnNob3A","","","[2025-11-11T23:26:17.509Z | MIIBIjANBgkqhkiG9w0BAQEFAAOCAQ8AMIIBCgKCAQEA1y5wLWcmZJ9qWdvJl7yoGj1wxR8fjxZVezo9IkwodBEZ6q2tIyKIpk8XyEokycPQ/M9ZocYr57manzU53Zh+V1DnvUnvHZpgSvPSw/wnBKuXNxg+1uy8h10X+2iBXsJBoK5cM20q1RxsGH4GBsDvPzLervRQVZPe12ht/VPVd0PbYPUBVVfs8q2KlaWrq7ZH4cJ0FHB1Km0cjgYs2rps0AgsyKseb8jCkQ788VFZwePZZzMRA6OXHCIuVFxbnAPZlNvckCFz+b2oM132aYaqgbkk2IgAbShxUuEwuv6yb2mQapsavUUShxMK8AHmyJ39v5lQ2xiTQTougTwTG5MzYwIDAQAB] Spoke with Liz she mentioned to call the owner Stephanie at her phone number at around 10 o’clock in the morning
[2025-11-11T23:26:17.509Z | MIIBIjANBgkqhkiG9w0BAQEFAAOCAQ8AMIIBCgKCAQEA1y5wLWcmZJ9qWdvJl7yoGj1wxR8fjxZVezo9IkwodBEZ6q2tIyKIpk8XyEokycPQ/M9ZocYr57manzU53Zh+V1DnvUnvHZpgSvPSw/wnBKuXNxg+1uy8h10X+2iBXsJBoK5cM20q1RxsGH4GBsDvPzLervRQVZPe12ht/VPVd0PbYPUBVVfs8q2KlaWrq7ZH4cJ0FHB1Km0cjgYs2rps0AgsyKseb8jCkQ788VFZwePZZzMRA6OXHCIuVFxbnAPZlNvckCFz+b2oM132aYaqgbkk2IgAbShxUuEwuv6yb2mQapsavUUShxMK8AHmyJ39v5lQ2xiTQTougTwTG5MzYwIDAQAB] Added via DApp.

[2025-11-12T00:57:15+00:00 | Field Follow-up] Spoke with Liz; she advised calling owner Stephanie around 10am at the provided phone number.

[2025-11-12T01:00:29+00:00] Staff Liz advised calling owner Stephanie around 10am.

[2025-11-12T19:27:38.314Z | MIIBIjANBgkqhkiG9w0BAQEFAAOCAQ8AMIIBCgKCAQEAyC5HgVLODmtFQZiM91XKoZTPuaaOW8EWPf6Sv+0a74Ji7cSAjZEsYbHSKbg6k2qb8gWzxX3KuDZVTgjytbeM/P40k6b5Px3PcBbNXmMzznxG6UaiskP8dGp/bZMmygXFq9MbQ9vsGJ9AS2XtngSlJ9BEMxZo4/fKvxco+8fGTt02BIyqhJQ2KW/jHro0W8/nyhtY/2KcOKWjedt1MqVWMzKotXpPFVPfimAmsRqdFHKlyGzlTPALF1iBA7Zee1zfxeZWHYegADhTivp0Xf3gytcSZcAwGGRbOuCS69NT6G4P5YiZ/lw4a1DM1b22I0TY92dMlEI7wOQNmi0I2+iFpQIDAQAB] Marie the other staff mentioned that stephanie is still in Japan until this Friday. Perhaps it makes sense to schedule a call to her maybe next Monday at 10 o’clock in the morning California time.","37.46433964","-122.4292029","MIIBIjANBgkqhkiG9w0BAQEFAAOCAQ8AMIIBCgKCAQEAyC5HgVLODmtFQZiM91XKoZTPuaaOW8EWPf6Sv+0a74Ji7cSAjZEsYbHSKbg6k2qb8gWzxX3KuDZVTgjytbeM/P40k6b5Px3PcBbNXmMzznxG6UaiskP8dGp/bZMmygXFq9MbQ9vsGJ9AS2XtngSlJ9BEMxZo4/fKvxco+8fGTt02BIyqhJQ2KW/jHro0W8/nyhtY/2KcOKWjedt1MqVWMzKotXpPFVPfimAmsRqdFHKlyGzlTPALF1iBA7Zee1zfxeZWHYegADhTivp0Xf3gytcSZcAwGGRbOuCS69NT6G4P5YiZ/lw4a1DM1b22I0TY92dMlEI7wOQNmi0I2+iFpQIDAQAB","11/12/2025 11:27:38"
